Timestamp,UTC,Callsign,Position,Altitude,Speed,Direction
1596130513,2020-07-30T17:35:13Z,SVR093,"55.413712,37.903332",0,0,31
1596130562,2020-07-30T17:36:02Z,SVR093,"55.413586,37.903061",0,9,50
1596130583,2020-07-30T17:36:23Z,SVR093,"55.413185,37.902409",0,10,39
1596130658,2020-07-30T17:37:38Z,SVR093,"55.412292,37.902649",0,11,323
1596130933,2020-07-30T17:42:13Z,SVR093,"55.410679,37.903843",0,28,210
1596131007,2020-07-30T17:43:27Z,SVR093,"55.408253,37.896652",0,15,236
1596131014,2020-07-30T17:43:34Z,SVR093,"55.407978,37.896149",0,28,222
1596131053,2020-07-30T17:44:13Z,SVR093,"55.406525,37.893604",0,27,202
1596131059,2020-07-30T17:44:19Z,SVR093,"55.406216,37.893684",0,28,165
1596131065,2020-07-30T17:44:25Z,SVR093,"55.405903,37.894051",0,33,146
1596131071,2020-07-30T17:44:31Z,SVR093,"55.405586,37.894451",0,15,146
1596131077,2020-07-30T17:44:37Z,SVR093,"55.405174,37.894936",0,18,146
1596131086,2020-07-30T17:44:46Z,SVR093,"55.40451,37.895744",0,21,146
1596131093,2020-07-30T17:44:53Z,SVR093,"55.403961,37.896408",0,21,146
1596131099,2020-07-30T17:44:59Z,SVR093,"55.403496,37.896942",0,21,146
1596131145,2020-07-30T17:45:45Z,SVR093,"55.399281,37.902004",0,23,146
1596131153,2020-07-30T17:45:53Z,SVR093,"55.398617,37.902813",0,20,146
1596131161,2020-07-30T17:46:01Z,SVR093,"55.397907,37.903664",0,21,146
1596131167,2020-07-30T17:46:07Z,SVR093,"55.397472,37.904186",0,20,146
1596131173,2020-07-30T17:46:13Z,SVR093,"55.39706,37.904671",0,16,146
1596131180,2020-07-30T17:46:20Z,SVR093,"55.396744,37.90506",0,30,143
1596131189,2020-07-30T17:46:29Z,SVR093,"55.396358,37.905453",0,22,157
1596131195,2020-07-30T17:46:35Z,SVR093,"55.396122,37.905418",0,19,185
1596131201,2020-07-30T17:46:41Z,SVR093,"55.396397,37.905437",0,13,202
1596131402,2020-07-30T17:50:02Z,SVR093,"55.395447,37.903114",0,19,278
1596131438,2020-07-30T17:50:38Z,SVR093,"55.395767,37.902603",0,2,323
1596131451,2020-07-30T17:50:51Z,SVR093,"55.396809,37.901337",0,45,326
1596131473,2020-07-30T17:51:13Z,SVR093,"55.405449,37.891014",625,45,326
1596131480,2020-07-30T17:51:20Z,SVR093,"55.409637,37.885868",625,160,325
1596131486,2020-07-30T17:51:26Z,SVR093,"55.413208,37.881588",850,165,325
1596131493,2020-07-30T17:51:33Z,SVR093,"55.417599,37.87645",1200,160,326
1596131499,2020-07-30T17:51:39Z,SVR093,"55.421219,37.872215",1525,157,326
1596131505,2020-07-30T17:51:45Z,SVR093,"55.424881,37.867935",1875,152,326
1596131513,2020-07-30T17:51:53Z,SVR093,"55.42989,37.862133",2325,146,326
1596131520,2020-07-30T17:52:00Z,SVR093,"55.433441,37.857998",2600,144,326
1596131526,2020-07-30T17:52:06Z,SVR093,"55.436554,37.854362",2850,143,326
1596131532,2020-07-30T17:52:12Z,SVR093,"55.439896,37.850487",3100,143,326
1596131543,2020-07-30T17:52:23Z,SVR093,"55.446507,37.842751",3575,142,326
1596131550,2020-07-30T17:52:30Z,SVR093,"55.44986,37.838802",3800,145,326
1596131556,2020-07-30T17:52:36Z,SVR093,"55.453724,37.834251",3950,154,326
1596131563,2020-07-30T17:52:43Z,SVR093,"55.457428,37.829922",4075,161,326
1596131569,2020-07-30T17:52:49Z,SVR093,"55.46159,37.825069",4225,169,326
1596131575,2020-07-30T17:52:55Z,SVR093,"55.465687,37.821205",4350,178,333
1596131581,2020-07-30T17:53:01Z,SVR093,"55.470703,37.818604",4475,192,348
1596131608,2020-07-30T17:53:28Z,SVR093,"55.492905,37.838745",5425,225,60
1596131614,2020-07-30T17:53:34Z,SVR093,"55.49511,37.849358",5650,226,73
1596131620,2020-07-30T17:53:40Z,SVR093,"55.496414,37.859745",5925,226,78
1596131626,2020-07-30T17:53:46Z,SVR093,"55.498322,37.870644",6175,227,70
1596131634,2020-07-30T17:53:54Z,SVR093,"55.502518,37.884769",6375,236,58
1596131640,2020-07-30T17:54:00Z,SVR093,"55.506134,37.894344",6500,241,55
1596131647,2020-07-30T17:54:07Z,SVR093,"55.510612,37.905319",6650,248,54
1596131654,2020-07-30T17:54:14Z,SVR093,"55.515499,37.91708",6825,258,53
1596131666,2020-07-30T17:54:26Z,SVR093,"55.52449,37.936954",7125,269,49
1596131679,2020-07-30T17:54:39Z,SVR093,"55.536263,37.958534",7475,284,44
1596131690,2020-07-30T17:54:50Z,SVR093,"55.547108,37.97699",7750,298,43
1596131703,2020-07-30T17:55:03Z,SVR093,"55.560886,38.000595",8250,306,44
1596131715,2020-07-30T17:55:15Z,SVR093,"55.573132,38.021706",8825,310,44
1596131727,2020-07-30T17:55:27Z,SVR093,"55.58519,38.042992",9375,313,45
1596131740,2020-07-30T17:55:40Z,SVR093,"55.597641,38.065048",9950,318,45
1596131752,2020-07-30T17:55:52Z,SVR093,"55.610458,38.087852",10475,325,45
1596131763,2020-07-30T17:56:03Z,SVR093,"55.623222,38.110458",10700,341,45
1596131776,2020-07-30T17:56:16Z,SVR093,"55.636955,38.134491",11000,350,44
1596131787,2020-07-30T17:56:27Z,SVR093,"55.651012,38.158779",11775,346,44
1596131800,2020-07-30T17:56:40Z,SVR093,"55.664703,38.183067",12600,339,46
1596131808,2020-07-30T17:56:48Z,SVR093,"55.672611,38.20092",13125,338,55
1596131815,2020-07-30T17:56:55Z,SVR093,"55.67775,38.21769",13400,343,63
1596131822,2020-07-30T17:57:02Z,SVR093,"55.681179,38.235428",13675,345,75
1596131828,2020-07-30T17:57:08Z,SVR093,"55.682693,38.252148",13950,348,83
1596131834,2020-07-30T17:57:14Z,SVR093,"55.683334,38.268295",14200,348,86
1596131840,2020-07-30T17:57:20Z,SVR093,"55.683926,38.287868",14525,349,87
1596131876,2020-07-30T17:57:56Z,SVR093,"55.687408,38.390392",15825,364,86
1596131908,2020-07-30T17:58:28Z,SVR093,"55.691483,38.491268",16725,388,85
1596131938,2020-07-30T17:58:58Z,SVR093,"55.695564,38.590591",17500,408,85
1596131970,2020-07-30T17:59:30Z,SVR093,"55.699814,38.696346",18275,426,85
1596132031,2020-07-30T18:00:31Z,SVR093,"55.709015,38.917984",19925,450,84
1596132093,2020-07-30T18:01:33Z,SVR093,"55.726894,39.14489",21700,464,82
1596132154,2020-07-30T18:02:34Z,SVR093,"55.743885,39.381695",23125,484,82
1596132218,2020-07-30T18:03:38Z,SVR093,"55.761429,39.636757",24850,493,83
1596132281,2020-07-30T18:04:41Z,SVR093,"55.778503,39.891441",26100,507,83
1596132343,2020-07-30T18:05:43Z,SVR093,"55.795231,40.147305",27500,506,83
1596132406,2020-07-30T18:06:46Z,SVR093,"55.811325,40.4063",28825,510,83
1596132467,2020-07-30T18:07:47Z,SVR093,"55.826935,40.663406",29875,515,83
1596132529,2020-07-30T18:08:49Z,SVR093,"55.841995,40.923325",30875,521,84
1596132593,2020-07-30T18:09:53Z,SVR093,"55.857193,41.197147",31950,525,84
1596132654,2020-07-30T18:10:54Z,SVR093,"55.871391,41.457596",33275,518,84
1596132715,2020-07-30T18:11:55Z,SVR093,"55.884705,41.716545",34325,514,84
1596132775,2020-07-30T18:12:55Z,SVR093,"55.89711,41.970352",35000,515,85
1596132837,2020-07-30T18:13:57Z,SVR093,"55.909607,42.231445",35000,520,85
1596132899,2020-07-30T18:14:59Z,SVR093,"55.9216,42.49437",35000,516,85
1596132960,2020-07-30T18:16:00Z,SVR093,"55.932724,42.74855",34975,514,85
1596133020,2020-07-30T18:17:00Z,SVR093,"55.943161,43.006981",34975,513,85
1596133082,2020-07-30T18:18:02Z,SVR093,"55.953186,43.264328",35025,510,86
1596133144,2020-07-30T18:19:04Z,SVR093,"55.962585,43.524315",35000,511,86
1596133208,2020-07-30T18:20:08Z,SVR093,"55.972,43.790257",35000,511,86
1596133269,2020-07-30T18:21:09Z,SVR093,"55.980045,44.047279",35050,511,86
1596133330,2020-07-30T18:22:10Z,SVR093,"55.987957,44.306061",35025,508,86
1596133390,2020-07-30T18:23:10Z,SVR093,"55.995163,44.557968",35000,507,87
1596133453,2020-07-30T18:24:13Z,SVR093,"56.002064,44.818554",34975,509,87
1596133514,2020-07-30T18:25:14Z,SVR093,"56.008301,45.074825",35000,509,87
1596133577,2020-07-30T18:26:17Z,SVR093,"56.02034,45.341991",35000,512,85
1596133638,2020-07-30T18:27:18Z,SVR093,"56.03083,45.597382",35000,513,85
1596133699,2020-07-30T18:28:19Z,SVR093,"56.040607,45.853584",35025,514,86
1596133760,2020-07-30T18:29:20Z,SVR093,"56.049873,46.110649",35025,512,86
1596133824,2020-07-30T18:30:24Z,SVR093,"56.059067,46.380531",35000,511,86
1596133886,2020-07-30T18:31:26Z,SVR093,"56.067581,46.642956",35000,511,86
1596133948,2020-07-30T18:32:28Z,SVR093,"56.076508,46.904049",35550,512,86
1596134010,2020-07-30T18:33:30Z,SVR093,"56.084564,47.161312",36150,512,86
1596134073,2020-07-30T18:34:33Z,SVR093,"56.092484,47.42831",36825,506,87
1596134134,2020-07-30T18:35:34Z,SVR093,"56.09959,47.680664",37000,503,87
1596134197,2020-07-30T18:36:37Z,SVR093,"56.10648,47.944679",37000,502,87
1596134258,2020-07-30T18:37:38Z,SVR093,"56.112671,48.195992",37000,498,87
1596134320,2020-07-30T18:38:40Z,SVR093,"56.118256,48.45134",36975,497,87
1596134382,2020-07-30T18:39:42Z,SVR093,"56.123291,48.704391",37000,498,88
1596134444,2020-07-30T18:40:44Z,SVR093,"56.127869,48.956993",36975,500,88
1596134507,2020-07-30T18:41:47Z,SVR093,"56.131989,49.220081",37050,499,88
1596134568,2020-07-30T18:42:48Z,SVR093,"56.135483,49.471352",37025,498,88
1596134629,2020-07-30T18:43:49Z,SVR093,"56.138443,49.720627",37000,498,88
1596134690,2020-07-30T18:44:50Z,SVR093,"56.140926,49.973457",37000,499,89
1596134751,2020-07-30T18:45:51Z,SVR093,"56.142792,50.225288",37000,499,89
1596134812,2020-07-30T18:46:52Z,SVR093,"56.144234,50.477287",37025,499,89
1596134874,2020-07-30T18:47:54Z,SVR093,"56.145172,50.7337",37000,499,89
1596134935,2020-07-30T18:48:55Z,SVR093,"56.145538,50.984802",37000,498,90
1596134997,2020-07-30T18:49:57Z,SVR093,"56.145447,51.234989",37025,496,90
1596135059,2020-07-30T18:50:59Z,SVR093,"56.144806,51.492172",37025,492,90
1596135121,2020-07-30T18:52:01Z,SVR093,"56.143581,51.738655",36975,490,90
1596135181,2020-07-30T18:53:01Z,SVR093,"56.141811,51.986534",36975,490,90
1596135244,2020-07-30T18:54:04Z,SVR093,"56.139404,52.240738",36975,491,91
1596135304,2020-07-30T18:55:04Z,SVR093,"56.136795,52.485683",37025,492,91
1596135366,2020-07-30T18:56:06Z,SVR093,"56.133621,52.735405",37025,490,91
1596135427,2020-07-30T18:57:07Z,SVR093,"56.129837,52.982235",37025,488,91
1596135489,2020-07-30T18:58:09Z,SVR093,"56.125614,53.229362",37000,486,91
1596135551,2020-07-30T18:59:11Z,SVR093,"56.120773,53.480446",36975,486,92
1596135612,2020-07-30T19:00:12Z,SVR093,"56.115646,53.721981",37000,486,92
1596135674,2020-07-30T19:01:14Z,SVR093,"56.10997,53.971283",37000,486,92
1596135735,2020-07-30T19:02:15Z,SVR093,"56.103874,54.215641",37025,485,92
1596135795,2020-07-30T19:03:15Z,SVR093,"56.110199,54.459728",37000,487,81
1596135858,2020-07-30T19:04:18Z,SVR093,"56.131897,54.707966",36975,489,81
1596135919,2020-07-30T19:05:19Z,SVR093,"56.152752,54.955673",36975,492,81
1596135981,2020-07-30T19:06:21Z,SVR093,"56.173237,55.204323",37025,493,81
1596136043,2020-07-30T19:07:23Z,SVR093,"56.193439,55.452633",37025,492,81
1596136104,2020-07-30T19:08:24Z,SVR093,"56.212921,55.700768",37025,491,82
1596136165,2020-07-30T19:09:25Z,SVR093,"56.231194,55.941181",37000,490,82
1596136227,2020-07-30T19:10:27Z,SVR093,"56.249722,56.191807",37000,489,82
1596136288,2020-07-30T19:11:28Z,SVR093,"56.267643,56.438656",37000,487,82
1596136350,2020-07-30T19:12:30Z,SVR093,"56.284973,56.685207",36975,486,82
1596136411,2020-07-30T19:13:31Z,SVR093,"56.302139,56.933128",36975,487,83
1596136476,2020-07-30T19:14:36Z,SVR093,"56.319271,57.189846",37000,488,83
1596136538,2020-07-30T19:15:38Z,SVR093,"56.335464,57.440601",37025,487,83
1596136600,2020-07-30T19:16:40Z,SVR093,"56.350983,57.689541",37025,484,83
1596136662,2020-07-30T19:17:42Z,SVR093,"56.365822,57.935886",37000,484,83
1596136724,2020-07-30T19:18:44Z,SVR093,"56.380299,58.184021",37000,483,84
1596136785,2020-07-30T19:19:45Z,SVR093,"56.394173,58.430099",37000,483,84
1596136845,2020-07-30T19:20:45Z,SVR093,"56.407394,58.672657",37000,483,84
1596136908,2020-07-30T19:21:48Z,SVR093,"56.420521,58.922508",37000,483,84
1596136983,2020-07-30T19:23:03Z,SVR093,"56.428345,59.221218",37000,485,92
1596137045,2020-07-30T19:24:05Z,SVR093,"56.422943,59.475735",37025,485,92
1596137105,2020-07-30T19:25:05Z,SVR093,"56.41745,59.715687",37025,484,92
1596137167,2020-07-30T19:26:07Z,SVR093,"56.411179,59.967125",37025,482,92
1596137228,2020-07-30T19:27:08Z,SVR093,"56.404598,60.21143",37000,481,92
1596137289,2020-07-30T19:28:09Z,SVR093,"56.398178,60.45435",36975,481,92
1596137349,2020-07-30T19:29:09Z,SVR093,"56.390633,60.6968",37000,482,93
1596137411,2020-07-30T19:30:11Z,SVR093,"56.382256,60.942795",37000,482,93
1596137472,2020-07-30T19:31:12Z,SVR093,"56.374008,61.185692",37025,482,93
1596137535,2020-07-30T19:32:15Z,SVR093,"56.365402,61.43821",37025,481,93
1596137596,2020-07-30T19:33:16Z,SVR093,"56.356522,61.681076",37000,480,93
1596137657,2020-07-30T19:34:17Z,SVR093,"56.347183,61.923771",36975,479,94
1596137715,2020-07-30T19:35:15Z,SVR093,"56.337891,62.155579",36975,479,94
1596137779,2020-07-30T19:36:19Z,SVR093,"56.327183,62.408264",36975,481,94
1596137841,2020-07-30T19:37:21Z,SVR093,"56.316151,62.657349",37025,481,94
1596137903,2020-07-30T19:38:23Z,SVR093,"56.30479,62.90205",37025,480,94
1596137964,2020-07-30T19:39:24Z,SVR093,"56.292984,63.146751",37000,479,95
1596138028,2020-07-30T19:40:28Z,SVR093,"56.280258,63.398838",37000,479,95
1596138089,2020-07-30T19:41:29Z,SVR093,"56.267456,63.640537",37000,478,95
1596138151,2020-07-30T19:42:31Z,SVR093,"56.253799,63.88483",36975,478,95
1596138212,2020-07-30T19:43:32Z,SVR093,"56.240021,64.125702",37000,477,96
1596138273,2020-07-30T19:44:33Z,SVR093,"56.225784,64.363152",37000,478,96
1596138335,2020-07-30T19:45:35Z,SVR093,"56.210617,64.610336",36975,480,96
1596138397,2020-07-30T19:46:37Z,SVR093,"56.195114,64.854126",37000,482,96
1596138457,2020-07-30T19:47:37Z,SVR093,"56.179642,65.091331",37000,483,96
1596138518,2020-07-30T19:48:38Z,SVR093,"56.163132,65.33535",37025,483,97
1596138580,2020-07-30T19:49:40Z,SVR093,"56.146282,65.578598",37000,482,97
1596138641,2020-07-30T19:50:41Z,SVR093,"56.129379,65.816681",37000,480,97
1596138702,2020-07-30T19:51:42Z,SVR093,"56.111649,66.059937",37000,480,97
1596138763,2020-07-30T19:52:43Z,SVR093,"56.093491,66.300262",37000,478,97
1596138827,2020-07-30T19:53:47Z,SVR093,"56.074406,66.547623",37000,476,97
1596138888,2020-07-30T19:54:48Z,SVR093,"56.055599,66.785034",37000,474,98
1596138948,2020-07-30T19:55:48Z,SVR093,"56.036697,67.019867",36975,475,98
1596139010,2020-07-30T19:56:50Z,SVR093,"56.016861,67.257553",36975,476,98
1596139072,2020-07-30T19:57:52Z,SVR093,"55.996216,67.498589",37000,478,98
1596139134,2020-07-30T19:58:54Z,SVR093,"55.974876,67.741867",37000,482,98
1596139197,2020-07-30T19:59:57Z,SVR093,"55.952774,67.98764",37025,484,99
1596139258,2020-07-30T20:00:58Z,SVR093,"55.930466,68.230675",37025,483,99
1596139320,2020-07-30T20:02:00Z,SVR093,"55.907593,68.473625",37000,484,99
1596139382,2020-07-30T20:03:02Z,SVR093,"55.884659,68.71167",37000,484,99
1596139443,2020-07-30T20:04:03Z,SVR093,"55.861336,68.951141",37000,483,99
1596139504,2020-07-30T20:05:04Z,SVR093,"55.837326,69.192474",36950,484,100
1596139566,2020-07-30T20:06:06Z,SVR093,"55.812504,69.435226",36950,490,100
1596139627,2020-07-30T20:07:07Z,SVR093,"55.787888,69.674545",37025,493,100
1596139689,2020-07-30T20:08:09Z,SVR093,"55.761932,69.919907",37050,494,100
1596139751,2020-07-30T20:09:11Z,SVR093,"55.735039,70.168388",37025,493,101
1596139813,2020-07-30T20:10:13Z,SVR093,"55.708317,70.411377",37000,490,101
1596139876,2020-07-30T20:11:16Z,SVR093,"55.680668,70.658569",36950,489,101
1596139937,2020-07-30T20:12:17Z,SVR093,"55.653122,70.900848",36950,490,101
1596139999,2020-07-30T20:13:19Z,SVR093,"55.625687,71.141708",36975,490,99
1596140060,2020-07-30T20:14:20Z,SVR093,"55.618145,71.382126",37000,484,87
1596140121,2020-07-30T20:15:21Z,SVR093,"55.622105,71.623825",37025,487,88
1596140183,2020-07-30T20:16:23Z,SVR093,"55.625271,71.869644",37025,488,88
1596140244,2020-07-30T20:17:24Z,SVR093,"55.628017,72.109283",37025,485,89
1596140305,2020-07-30T20:18:25Z,SVR093,"55.630005,72.351631",37000,484,89
1596140365,2020-07-30T20:19:25Z,SVR093,"55.632065,72.593193",36975,485,89
1596140428,2020-07-30T20:20:28Z,SVR093,"55.633274,72.841072",37000,486,89
1596140502,2020-07-30T20:21:42Z,SVR093,"55.632343,73.133667",37000,490,93
1596140563,2020-07-30T20:22:43Z,SVR093,"55.617279,73.377769",37025,491,96
1596140624,2020-07-30T20:23:44Z,SVR093,"55.602036,73.621048",37025,489,96
1596140685,2020-07-30T20:24:45Z,SVR093,"55.593338,73.860168",37000,487,93
1596140746,2020-07-30T20:25:46Z,SVR093,"55.584412,74.103279",36975,489,93
1596140806,2020-07-30T20:26:46Z,SVR093,"55.575302,74.345398",37000,489,93
1596140868,2020-07-30T20:27:48Z,SVR093,"55.565598,74.588509",37000,490,94
1596140929,2020-07-30T20:28:49Z,SVR093,"55.555302,74.833458",37025,489,94
1596140992,2020-07-30T20:29:52Z,SVR093,"55.54454,75.081314",37050,487,94
1596141053,2020-07-30T20:30:53Z,SVR093,"55.533607,75.324158",37025,487,94
1596141113,2020-07-30T20:31:53Z,SVR093,"55.522156,75.562553",36975,485,94
1596141176,2020-07-30T20:32:56Z,SVR093,"55.510284,75.806183",37000,485,95
1596141237,2020-07-30T20:33:57Z,SVR093,"55.498043,76.044785",36975,484,95
1596141300,2020-07-30T20:35:00Z,SVR093,"55.484756,76.291977",36975,483,95
1596141362,2020-07-30T20:36:02Z,SVR093,"55.470978,76.534508",36975,485,95
1596141424,2020-07-30T20:37:04Z,SVR093,"55.456833,76.778786",37000,486,95
1596141485,2020-07-30T20:38:05Z,SVR093,"55.442596,77.015327",37000,486,96
1596141546,2020-07-30T20:39:06Z,SVR093,"55.427719,77.255539",37025,486,96
1596141607,2020-07-30T20:40:07Z,SVR093,"55.412567,77.491341",37050,482,96
1596141668,2020-07-30T20:41:08Z,SVR093,"55.396912,77.728676",37000,479,96
1596141730,2020-07-30T20:42:10Z,SVR093,"55.380478,77.970291",36975,477,96
1596141791,2020-07-30T20:43:11Z,SVR093,"55.364204,78.205513",36975,476,97
1596141853,2020-07-30T20:44:13Z,SVR093,"55.351078,78.442802",36975,479,94
1596141916,2020-07-30T20:45:16Z,SVR093,"55.340694,78.684914",37000,481,94
1596141980,2020-07-30T20:46:20Z,SVR093,"55.329208,78.933136",37025,482,94
1596142040,2020-07-30T20:47:20Z,SVR093,"55.317978,79.17189",37025,483,94
1596142101,2020-07-30T20:48:21Z,SVR093,"55.306339,79.407516",37000,483,94
1596142164,2020-07-30T20:49:24Z,SVR093,"55.293686,79.652817",36975,485,95
1596142225,2020-07-30T20:50:25Z,SVR093,"55.280689,79.891167",37025,485,95
1596142287,2020-07-30T20:51:27Z,SVR093,"55.267422,80.134445",37000,486,95
1596142349,2020-07-30T20:52:29Z,SVR093,"55.253265,80.375008",37025,485,95
1596142411,2020-07-30T20:53:31Z,SVR093,"55.238934,80.616425",37025,481,96
1596142472,2020-07-30T20:54:32Z,SVR093,"55.224335,80.8517",37000,477,96
1596142534,2020-07-30T20:55:34Z,SVR093,"55.20937,81.087006",36975,474,96
1596142595,2020-07-30T20:56:35Z,SVR093,"55.19426,81.31797",36975,473,96
1596142657,2020-07-30T20:57:37Z,SVR093,"55.178146,81.55555",36975,472,96
1596142718,2020-07-30T20:58:38Z,SVR093,"55.162262,81.785973",37000,471,96
1596142780,2020-07-30T20:59:40Z,SVR093,"55.145687,82.019768",36975,472,97
1596142842,2020-07-30T21:00:42Z,SVR093,"55.12851,82.251228",37000,474,97
1596142904,2020-07-30T21:01:44Z,SVR093,"55.110626,82.486404",37050,473,97
1596142965,2020-07-30T21:02:45Z,SVR093,"55.092293,82.715813",37000,472,98
1596143026,2020-07-30T21:03:46Z,SVR093,"55.083679,82.950691",36975,476,87
1596143087,2020-07-30T21:04:47Z,SVR093,"55.098221,83.182579",37000,479,83
1596143149,2020-07-30T21:05:49Z,SVR093,"55.113968,83.418381",37050,478,83
1596143210,2020-07-30T21:06:50Z,SVR093,"55.129627,83.652397",37025,476,83
1596143272,2020-07-30T21:07:52Z,SVR093,"55.145084,83.891769",36975,476,83
1596143334,2020-07-30T21:08:54Z,SVR093,"55.159515,84.123482",37000,476,83
1596143394,2020-07-30T21:09:54Z,SVR093,"55.17366,84.356499",37000,476,84
1596143457,2020-07-30T21:10:57Z,SVR093,"55.187759,84.596909",37000,476,83
1596143518,2020-07-30T21:11:58Z,SVR093,"55.205063,84.829964",37000,476,84
1596143581,2020-07-30T21:13:01Z,SVR093,"55.217518,85.065804",37050,473,84
1596143643,2020-07-30T21:14:03Z,SVR093,"55.230228,85.30085",37000,468,84
1596143703,2020-07-30T21:15:03Z,SVR093,"55.242237,85.529976",36950,468,84
1596143764,2020-07-30T21:16:04Z,SVR093,"55.253967,85.760529",36975,469,84
1596143825,2020-07-30T21:17:05Z,SVR093,"55.265232,85.99057",37000,472,85
1596143887,2020-07-30T21:18:07Z,SVR093,"55.277893,86.229103",37050,470,82
1596143949,2020-07-30T21:19:09Z,SVR093,"55.294601,86.460869",37025,469,83
1596144013,2020-07-30T21:20:13Z,SVR093,"55.310345,86.701355",36975,467,83
1596144074,2020-07-30T21:21:14Z,SVR093,"55.324951,86.93045",36975,469,83
1596144135,2020-07-30T21:22:15Z,SVR093,"55.339417,87.162056",37000,471,83
1596144196,2020-07-30T21:23:16Z,SVR093,"55.352985,87.393829",37000,472,84
1596144257,2020-07-30T21:24:17Z,SVR093,"55.366196,87.625984",37000,473,84
1596144318,2020-07-30T21:25:18Z,SVR093,"55.379333,87.860245",37025,474,84
1596144380,2020-07-30T21:26:20Z,SVR093,"55.392105,88.097427",37025,472,84
1596144440,2020-07-30T21:27:20Z,SVR093,"55.404327,88.327652",37000,472,84
1596144501,2020-07-30T21:28:21Z,SVR093,"55.416061,88.55938",37050,468,85
1596144563,2020-07-30T21:29:23Z,SVR093,"55.427002,88.789177",37000,467,85
1596144624,2020-07-30T21:30:24Z,SVR093,"55.437881,89.021492",36975,467,85
1596144685,2020-07-30T21:31:25Z,SVR093,"55.448605,89.2537",37000,469,85
1596144748,2020-07-30T21:32:28Z,SVR093,"55.45871,89.490387",37000,471,85
1596144809,2020-07-30T21:33:29Z,SVR093,"55.468807,89.728088",37000,471,85
1596144872,2020-07-30T21:34:32Z,SVR093,"55.478302,89.966095",37000,473,86
1596144934,2020-07-30T21:35:34Z,SVR093,"55.48732,90.203415",37025,474,86
1596144996,2020-07-30T21:36:36Z,SVR093,"55.495712,90.441429",37025,471,86
1596145057,2020-07-30T21:37:37Z,SVR093,"55.503719,90.675316",37000,470,86
1596145118,2020-07-30T21:38:38Z,SVR093,"55.510986,90.905457",37000,469,86
1596145186,2020-07-30T21:39:46Z,SVR093,"55.514603,91.166466",37000,460,93
1596145248,2020-07-30T21:40:48Z,SVR093,"55.502186,91.395348",37000,458,95
1596145310,2020-07-30T21:41:50Z,SVR093,"55.489563,91.625061",37025,456,95
1596145370,2020-07-30T21:42:50Z,SVR093,"55.477295,91.844124",37000,452,95
1596145432,2020-07-30T21:43:52Z,SVR093,"55.463871,92.071869",37000,450,95
1596145493,2020-07-30T21:44:53Z,SVR093,"55.450287,92.290901",36975,448,96
1596145555,2020-07-30T21:45:55Z,SVR093,"55.436359,92.516365",36975,447,96
1596145616,2020-07-30T21:46:56Z,SVR093,"55.422489,92.734016",37000,447,96
1596145675,2020-07-30T21:47:55Z,SVR093,"55.408401,92.951042",37025,444,96
1596145738,2020-07-30T21:48:58Z,SVR093,"55.39389,93.170364",37000,422,97
1596145800,2020-07-30T21:50:00Z,SVR093,"55.378681,93.382706",37000,428,97
1596145861,2020-07-30T21:51:01Z,SVR093,"55.363861,93.59285",37000,432,97
1596145923,2020-07-30T21:52:03Z,SVR093,"55.348331,93.811089",37025,437,97
1596145985,2020-07-30T21:53:05Z,SVR093,"55.33223,94.026329",37000,445,97
1596146047,2020-07-30T21:54:07Z,SVR093,"55.315247,94.249283",37000,450,97
1596146108,2020-07-30T21:55:08Z,SVR093,"55.297806,94.473778",37000,450,97
1596146171,2020-07-30T21:56:11Z,SVR093,"55.279617,94.700569",36975,454,98
1596146232,2020-07-30T21:57:12Z,SVR093,"55.261368,94.9226",37000,458,97
1596146292,2020-07-30T21:58:12Z,SVR093,"55.246243,95.143929",37050,459,96
1596146355,2020-07-30T21:59:15Z,SVR093,"55.229855,95.373726",37025,456,97
1596146417,2020-07-30T22:00:17Z,SVR093,"55.212845,95.602219",37000,452,97
1596146480,2020-07-30T22:01:20Z,SVR093,"55.195591,95.828331",36975,450,97
1596146542,2020-07-30T22:02:22Z,SVR093,"55.178368,96.049889",36975,448,97
1596146604,2020-07-30T22:03:24Z,SVR093,"55.160912,96.269112",36950,449,97
1596146665,2020-07-30T22:04:25Z,SVR093,"55.142853,96.490013",36975,451,98
1596146727,2020-07-30T22:05:27Z,SVR093,"55.124176,96.712326",37025,451,98
1596146746,2020-07-30T22:05:46Z,SVR093,"55.118591,96.778648",37025,451,98
1596146837,2020-07-30T22:07:17Z,SVR093,"55.089966,97.108322",37450,453,98
1596146899,2020-07-30T22:08:19Z,SVR093,"55.068878,97.331192",38150,452,99
1596146962,2020-07-30T22:09:22Z,SVR093,"55.047276,97.552933",38850,440,99
1596147026,2020-07-30T22:10:26Z,SVR093,"55.025166,97.77874",39000,442,99
1596147081,2020-07-30T22:11:21Z,SVR093,"55.00621,97.967674",39000,442,100
1596147168,2020-07-30T22:12:48Z,SVR093,"54.974716,98.274727",39025,446,100
1596147232,2020-07-30T22:13:52Z,SVR093,"54.950958,98.500511",39025,447,100
1596147296,2020-07-30T22:14:56Z,SVR093,"54.926846,98.726387",39025,448,100
1596147356,2020-07-30T22:15:56Z,SVR093,"54.903709,98.939125",39000,449,100
1596147418,2020-07-30T22:16:58Z,SVR093,"54.879089,99.157265",39000,449,101
1596147481,2020-07-30T22:18:01Z,SVR093,"54.851616,99.378578",39000,452,102
1596147543,2020-07-30T22:19:03Z,SVR093,"54.824112,99.599792",38975,455,102
1596147604,2020-07-30T22:20:04Z,SVR093,"54.796692,99.817009",39000,458,102
1596147666,2020-07-30T22:21:06Z,SVR093,"54.768173,100.039566",39000,460,102
1596147729,2020-07-30T22:22:09Z,SVR093,"54.739056,100.263893",39025,463,102
1596147795,2020-07-30T22:23:15Z,SVR093,"54.707199,100.505112",39025,463,102
1596147858,2020-07-30T22:24:18Z,SVR093,"54.677048,100.729897",39000,464,103
1596147920,2020-07-30T22:25:20Z,SVR093,"54.646416,100.955116",39050,462,103
1596147983,2020-07-30T22:26:23Z,SVR093,"54.615875,101.174591",39000,456,103
1596148046,2020-07-30T22:27:26Z,SVR093,"54.584408,101.397896",39000,463,103
1596148107,2020-07-30T22:28:27Z,SVR093,"54.553078,101.617874",39000,467,103
1596148167,2020-07-30T22:29:27Z,SVR093,"54.521667,101.83567",39025,465,103
1596148231,2020-07-30T22:30:31Z,SVR093,"54.488434,102.0625",39000,464,104
1596148293,2020-07-30T22:31:33Z,SVR093,"54.455658,102.283363",39000,461,104
1596148356,2020-07-30T22:32:36Z,SVR093,"54.42194,102.506187",39000,459,104
1596148417,2020-07-30T22:33:37Z,SVR093,"54.389099,102.720879",39000,457,104
1596148478,2020-07-30T22:34:38Z,SVR093,"54.356766,102.931656",39000,453,104
1596148539,2020-07-30T22:35:39Z,SVR093,"54.3246,103.141228",39000,451,104
1596148601,2020-07-30T22:36:41Z,SVR093,"54.290291,103.352386",39000,446,106
1596148664,2020-07-30T22:37:44Z,SVR093,"54.251884,103.565125",39000,441,106
1596148725,2020-07-30T22:38:45Z,SVR093,"54.216476,103.766029",38950,440,106
1596148786,2020-07-30T22:39:46Z,SVR093,"54.180084,103.96888",39000,446,106
1596148847,2020-07-30T22:40:47Z,SVR093,"54.142776,104.175034",39000,450,107
1596148909,2020-07-30T22:41:49Z,SVR093,"54.104095,104.38369",39025,453,107
1596148971,2020-07-30T22:42:51Z,SVR093,"54.064976,104.595093",39050,453,107
1596149032,2020-07-30T22:43:52Z,SVR093,"54.026413,104.799294",39025,450,107
1596149094,2020-07-30T22:44:54Z,SVR093,"53.986862,105.007484",38975,450,107
1596149156,2020-07-30T22:45:56Z,SVR093,"53.946899,105.215904",38950,450,108
1596149217,2020-07-30T22:46:57Z,SVR093,"53.907028,105.421898",39000,449,108
1596149279,2020-07-30T22:47:59Z,SVR093,"53.866882,105.626404",39025,448,108
1596149340,2020-07-30T22:49:00Z,SVR093,"53.826691,105.829811",39025,443,108
1596149403,2020-07-30T22:50:03Z,SVR093,"53.786129,106.032448",38975,440,108
1596149463,2020-07-30T22:51:03Z,SVR093,"53.746033,106.230179",38975,440,108
1596149526,2020-07-30T22:52:06Z,SVR093,"53.704617,106.433525",38975,441,109
1596149588,2020-07-30T22:53:08Z,SVR093,"53.663361,106.633614",39000,443,109
1596149650,2020-07-30T22:54:10Z,SVR093,"53.621613,106.834427",39025,441,109
1596149712,2020-07-30T22:55:12Z,SVR093,"53.579773,107.03273",39025,439,109
1596149773,2020-07-30T22:56:13Z,SVR093,"53.538052,107.2285",39025,436,109
1596149835,2020-07-30T22:57:15Z,SVR093,"53.49614,107.424156",39025,430,109
1596149897,2020-07-30T22:58:17Z,SVR093,"53.454117,107.618538",38975,426,110
1596149959,2020-07-30T22:59:19Z,SVR093,"53.412735,107.807625",38950,426,110
1596150020,2020-07-30T23:00:20Z,SVR093,"53.370186,108.00013",39000,427,110
1596150082,2020-07-30T23:01:22Z,SVR093,"53.327774,108.190453",39000,428,110
1596150144,2020-07-30T23:02:24Z,SVR093,"53.284481,108.382713",39025,425,110
1596150204,2020-07-30T23:03:24Z,SVR093,"53.242813,108.566109",39000,423,110
1596150267,2020-07-30T23:04:27Z,SVR093,"53.1996,108.75515",38975,423,110
1596150330,2020-07-30T23:05:30Z,SVR093,"53.154789,108.949638",39000,424,110
1596150392,2020-07-30T23:06:32Z,SVR093,"53.111298,109.135826",39000,426,111
1596150455,2020-07-30T23:07:35Z,SVR093,"53.065781,109.328957",39000,428,111
1596150517,2020-07-30T23:08:37Z,SVR093,"53.020615,109.519196",38975,432,111
1596150579,2020-07-30T23:09:39Z,SVR093,"52.97493,109.710541",39025,435,111
1596150641,2020-07-30T23:10:41Z,SVR093,"52.928543,109.902283",39050,436,111
1596150703,2020-07-30T23:11:43Z,SVR093,"52.881638,110.093994",39025,436,112
1596150766,2020-07-30T23:12:46Z,SVR093,"52.834167,110.287247",39000,435,112
1596150828,2020-07-30T23:13:48Z,SVR093,"52.786839,110.47773",38975,435,112
1596150892,2020-07-30T23:14:52Z,SVR093,"52.737717,110.673828",38975,437,112
1596150954,2020-07-30T23:15:54Z,SVR093,"52.689606,110.863266",39025,436,112
1596151014,2020-07-30T23:16:54Z,SVR093,"52.643318,111.046745",39000,435,112
1596151078,2020-07-30T23:17:58Z,SVR093,"52.593136,111.241829",38700,435,112
1596151144,2020-07-30T23:19:04Z,SVR093,"52.541977,111.439209",37675,423,113
1596151210,2020-07-30T23:20:10Z,SVR093,"52.490662,111.633987",36175,427,113
1596151253,2020-07-30T23:20:53Z,SVR093,"52.45697,111.759109",34225,429,113
1596151344,2020-07-30T23:22:24Z,SVR093,"52.382126,112.035217",29150,445,114
1596151406,2020-07-30T23:23:26Z,SVR093,"52.330536,112.224556",26250,437,114
1596151467,2020-07-30T23:24:27Z,SVR093,"52.280678,112.406303",23600,426,114
1596151517,2020-07-30T23:25:17Z,SVR093,"52.245949,112.553284",21200,408,102
1596151523,2020-07-30T23:25:23Z,SVR093,"52.243855,112.568741",20875,406,102
1596151593,2020-07-30T23:26:33Z,SVR093,"52.215637,112.776566",16525,396,102
1596151624,2020-07-30T23:27:04Z,SVR093,"52.203632,112.862076",15500,383,102
1596151655,2020-07-30T23:27:35Z,SVR093,"52.191483,112.949501",14250,377,102
1596151685,2020-07-30T23:28:05Z,SVR093,"52.179798,113.03315",13025,373,102
1596151721,2020-07-30T23:28:41Z,SVR093,"52.166199,113.129425",11825,363,102
1596151742,2020-07-30T23:29:02Z,SVR093,"52.158432,113.184059",11150,356,102
1596151754,2020-07-30T23:29:14Z,SVR093,"52.154068,113.214645",10775,353,103
1596151767,2020-07-30T23:29:27Z,SVR093,"52.149261,113.248245",10500,344,102
1596151782,2020-07-30T23:29:42Z,SVR093,"52.143997,113.285294",10300,331,103
1596151793,2020-07-30T23:29:53Z,SVR093,"52.140335,113.310699",10175,322,103
1596151808,2020-07-30T23:30:08Z,SVR093,"52.1353,113.345947",10000,310,103
1596151820,2020-07-30T23:30:20Z,SVR093,"52.131454,113.372879",9800,302,103
1596151833,2020-07-30T23:30:33Z,SVR093,"52.127518,113.400345",9650,293,103
1596151845,2020-07-30T23:30:45Z,SVR093,"52.123627,113.427048",9425,289,103
1596151858,2020-07-30T23:30:58Z,SVR093,"52.119644,113.454132",9125,288,103
1596151871,2020-07-30T23:31:11Z,SVR093,"52.11557,113.481522",8825,287,103
1596151881,2020-07-30T23:31:21Z,SVR093,"52.112484,113.502426",8700,281,103
1596151893,2020-07-30T23:31:33Z,SVR093,"52.108852,113.526909",8575,273,103
1596151907,2020-07-30T23:31:47Z,SVR093,"52.104988,113.552879",8425,264,103
1596151917,2020-07-30T23:31:57Z,SVR093,"52.102158,113.572388",8275,259,103
1596151930,2020-07-30T23:32:10Z,SVR093,"52.098633,113.596649",8050,256,103
1596151946,2020-07-30T23:32:26Z,SVR093,"52.09433,113.626633",7725,253,103
1596151959,2020-07-30T23:32:39Z,SVR093,"52.090851,113.650513",7450,252,103
1596151972,2020-07-30T23:32:52Z,SVR093,"52.087345,113.674515",7275,247,103
1596151982,2020-07-30T23:33:02Z,SVR093,"52.084442,113.692703",7150,241,107
1596151988,2020-07-30T23:33:08Z,SVR093,"52.081696,113.702316",7075,239,118
1596151994,2020-07-30T23:33:14Z,SVR093,"52.077709,113.711243",6975,236,130
1596152004,2020-07-30T23:33:24Z,SVR093,"52.069515,113.72168",6850,230,150
1596152010,2020-07-30T23:33:30Z,SVR093,"52.063652,113.725601",6775,227,162
1596152020,2020-07-30T23:33:40Z,SVR093,"52.053635,113.727646",6700,220,180
1596152030,2020-07-30T23:33:50Z,SVR093,"52.043289,113.723907",6675,211,200
1596152037,2020-07-30T23:33:57Z,SVR093,"52.0383,113.719177",6650,208,213
1596152045,2020-07-30T23:34:05Z,SVR093,"52.032578,113.709793",6650,208,230
1596152051,2020-07-30T23:34:11Z,SVR093,"52.029343,113.701515",6650,202,239
1596152062,2020-07-30T23:34:22Z,SVR093,"52.025711,113.688126",6650,188,248
1596152072,2020-07-30T23:34:32Z,SVR093,"52.022686,113.675301",6650,175,248
1596152088,2020-07-30T23:34:48Z,SVR093,"52.017006,113.65741",6675,165,238
1596152098,2020-07-30T23:34:58Z,SVR093,"52.012711,113.646927",6650,165,234
1596152104,2020-07-30T23:35:04Z,SVR093,"52.010021,113.640854",6650,164,234
1596152119,2020-07-30T23:35:19Z,SVR093,"52.003132,113.626961",6650,166,229
1596152131,2020-07-30T23:35:31Z,SVR093,"51.997009,113.614883",6650,166,232
1596152141,2020-07-30T23:35:41Z,SVR093,"51.992981,113.603897",6650,165,252
1596152147,2020-07-30T23:35:47Z,SVR093,"51.992332,113.596909",6650,164,264
1596152168,2020-07-30T23:36:08Z,SVR093,"51.994194,113.573051",6600,151,280
1596152186,2020-07-30T23:36:26Z,SVR093,"51.996689,113.552475",5950,160,281
1596152199,2020-07-30T23:36:39Z,SVR093,"51.998566,113.537445",5525,166,281
1596152211,2020-07-30T23:36:51Z,SVR093,"52.000294,113.522202",5275,158,280
1596152224,2020-07-30T23:37:04Z,SVR093,"52.002228,113.507233",5025,151,281
1596152235,2020-07-30T23:37:15Z,SVR093,"52.00351,113.496475",4850,143,280
1596152242,2020-07-30T23:37:22Z,SVR093,"52.004436,113.488609",4750,137,280
1596152250,2020-07-30T23:37:30Z,SVR093,"52.005367,113.480453",4675,135,280
1596152257,2020-07-30T23:37:37Z,SVR093,"52.006207,113.473465",4550,138,280
1596152265,2020-07-30T23:37:45Z,SVR093,"52.007263,113.464966",4425,135,281
1596152271,2020-07-30T23:37:51Z,SVR093,"52.007835,113.460281",4350,132,281
1596152280,2020-07-30T23:38:00Z,SVR093,"52.008911,113.45108",4200,128,279
1596152286,2020-07-30T23:38:06Z,SVR093,"52.009598,113.445358",4125,130,280
1596152295,2020-07-30T23:38:15Z,SVR093,"52.010788,113.43605",4000,133,281
1596152301,2020-07-30T23:38:21Z,SVR093,"52.011429,113.430557",3950,135,280
1596152311,2020-07-30T23:38:31Z,SVR093,"52.012573,113.420334",3825,136,280
1596152322,2020-07-30T23:38:42Z,SVR093,"52.013809,113.409882",3675,136,280
1596152332,2020-07-30T23:38:52Z,SVR093,"52.014999,113.399429",3500,136,280
1596152342,2020-07-30T23:39:02Z,SVR093,"52.016235,113.389206",3350,135,281
1596152352,2020-07-30T23:39:12Z,SVR093,"52.01738,113.379745",3250,136,280
1596152358,2020-07-30T23:39:18Z,SVR093,"52.018112,113.373566",3175,136,280
1596152368,2020-07-30T23:39:28Z,SVR093,"52.019333,113.363525",3025,135,281
1596152374,2020-07-30T23:39:34Z,SVR093,"52.020126,113.356934",2925,134,280
1596152380,2020-07-30T23:39:40Z,SVR093,"52.020721,113.351517",2850,134,280
1596152388,2020-07-30T23:39:48Z,SVR093,"52.021683,113.34343",2775,135,281
1596152396,2020-07-30T23:39:56Z,SVR093,"52.022591,113.335823",2675,137,280
1596152403,2020-07-30T23:40:03Z,SVR093,"52.023468,113.328247",2550,135,281
1596152411,2020-07-30T23:40:11Z,SVR093,"52.024384,113.320541",2450,136,280
1596152421,2020-07-30T23:40:21Z,SVR093,"52.025528,113.310852",2450,113,281
1596152430,2020-07-30T23:40:30Z,SVR093,"52.026272,113.304657",0,76,281
1596152440,2020-07-30T23:40:40Z,SVR093,"52.026718,113.300781",0,49,281
1596152446,2020-07-30T23:40:46Z,SVR093,"52.02692,113.299019",0,34,281
1596152453,2020-07-30T23:40:53Z,SVR093,"52.027061,113.297821",0,18,281
1596152462,2020-07-30T23:41:02Z,SVR093,"52.027096,113.297028",0,24,261
1596152469,2020-07-30T23:41:09Z,SVR093,"52.026943,113.296646",0,23,233
1596152475,2020-07-30T23:41:15Z,SVR093,"52.026676,113.296471",0,25,199
1596152484,2020-07-30T23:41:24Z,SVR093,"52.026142,113.29631",0,31,191
1596152494,2020-07-30T23:41:34Z,SVR093,"52.025665,113.296165",0,22,191
1596152500,2020-07-30T23:41:40Z,SVR093,"52.025448,113.296089",0,21,188
1596152512,2020-07-30T23:41:52Z,SVR093,"52.025105,113.296349",0,21,140
1596152519,2020-07-30T23:41:59Z,SVR093,"52.025024,113.296753",0,23,109
1596152525,2020-07-30T23:42:05Z,SVR093,"52.024979,113.297256",0,27,101
1596152535,2020-07-30T23:42:15Z,SVR093,"52.024876,113.298172",0,33,101
1596152541,2020-07-30T23:42:21Z,SVR093,"52.024792,113.298882",0,34,101
1596152547,2020-07-30T23:42:27Z,SVR093,"52.024704,113.299545",0,31,101
1596152554,2020-07-30T23:42:34Z,SVR093,"52.024624,113.300232",0,15,101
1596152560,2020-07-30T23:42:40Z,SVR093,"52.024532,113.300972",0,15,101
1596152566,2020-07-30T23:42:46Z,SVR093,"52.024464,113.30159",0,31,101
1596152572,2020-07-30T23:42:52Z,SVR093,"52.024395,113.3022",0,33,101
1596152579,2020-07-30T23:42:59Z,SVR093,"52.024315,113.302803",0,30,101
1596152585,2020-07-30T23:43:05Z,SVR093,"52.024254,113.303375",0,28,101
1596152591,2020-07-30T23:43:11Z,SVR093,"52.024189,113.303894",0,28,101
1596152600,2020-07-30T23:43:20Z,SVR093,"52.024094,113.304726",0,29,101
1596152606,2020-07-30T23:43:26Z,SVR093,"52.024029,113.305283",0,29,101
1596152613,2020-07-30T23:43:33Z,SVR093,"52.023952,113.305908",0,33,101
1596152619,2020-07-30T23:43:39Z,SVR093,"52.023872,113.306557",0,15,101
1596152625,2020-07-30T23:43:45Z,SVR093,"52.023788,113.307266",0,32,101
1596152638,2020-07-30T23:43:58Z,SVR093,"52.023663,113.30838",0,26,101
1596152644,2020-07-30T23:44:04Z,SVR093,"52.023617,113.308777",0,21,101
1596152650,2020-07-30T23:44:10Z,SVR093,"52.023533,113.309105",0,19,112
1596152659,2020-07-30T23:44:19Z,SVR093,"52.023239,113.309311",0,22,165
1596152666,2020-07-30T23:44:26Z,SVR093,"52.022942,113.309219",0,26,191
1596152672,2020-07-30T23:44:32Z,SVR093,"52.022625,113.309067",0,28,196
1596152681,2020-07-30T23:44:41Z,SVR093,"52.022182,113.308846",0,24,196
1596152688,2020-07-30T23:44:48Z,SVR093,"52.021935,113.308716",0,22,196
1596152698,2020-07-30T23:44:58Z,SVR093,"52.021557,113.308517",0,21,196
1596152704,2020-07-30T23:45:04Z,SVR093,"52.021347,113.308395",0,20,199
1596152715,2020-07-30T23:45:15Z,SVR093,"52.021099,113.308182",0,15,213
1596152725,2020-07-30T23:45:25Z,SVR093,"52.021076,113.307762",0,15,267
1596152732,2020-07-30T23:45:32Z,SVR093,"52.021133,113.307556",0,14,284
1596152744,2020-07-30T23:45:44Z,SVR093,"52.021179,113.307327",0,0,287
1596152764,2020-07-30T23:46:04Z,SVR093,"52.021126,113.308243",0,0,126
